Aaliyah,3550,F
Aarav,415,M
Aaron,5039,M
Aarya,255,F
Abby,591,F
Abdiel,549,M
Abdullah,284,M
Abel,2109,M
Abigail,7817,F
Abner,219,M
Abraham,1875,M
Abram,504,M
Ace,1900,M
Ada,1548,F
Adalee,360,F
Adaline,1106,F
Adalyn,1918,F
Adalynn,2327,F
Adam,3751,M
Adan,628,M
Addilyn,647,F
Addilynn,280,F
Addison,4467,F
Addisyn,294,F
Addyson,338,F
Adelaide,1128,F
Adele,340,F
Adelina,554,F
Adeline,2694,F
Adelyn,1255,F
Adelynn,857,F
Aden,391,M
Adler,240,M
Adley,554,F
Adonis,1663,M
Adrian,5249,M
Adriana,1056,F
Adrianna,473,F
Adriel,2592,M
Ahmad,425,M
Ahmed,423,M
Ahmir,234,M
Aidan,1313,M
Aiden,8534,M
Aila,286,F
Ailani,550,F
Aileen,401,F
Ainhoa,301,F
Ainsley,863,F
Aisha,559,F
Aislinn,262,F
Aitana,838,F
Alaia,2254,F
Alaina,1475,F
Alaiya,347,F
Alan,1956,M
Alana,1387,F
Alani,1303,F
Alanna,520,F
Alaric,278,M
Alaya,905,F
Alayah,1117,F
Alayna,1205,F
Albert,539,M
Alberto,374,M
Alden,383,M
Aldo,293,M
Aleah,497,F
Alec,469,M
Aleena,482,F
Alejandra,546,F
Alejandro,1773,M
Alena,413,F
Alessandra,837,F
Alessandro,427,M
Alessia,601,F
Alex,2095,M
Alexa,1272,F
Alexander,10151,M
Alexandra,1954,F
Alexandria,975,F
Alexia,369,F
Alexis,1019,F
Alexis,610,M
Alfred,246,M
Alfredo,322,M
Ali,1009,M
Alia,506,F
Aliana,393,F
Alianna,331,F
Alice,3268,F
Alicia,744,F
Alijah,663,M
Alina,1683,F
Alison,696,F
Alisson,281,F
Alistair,223,M
Alivia,1171,F
Aliya,307,F
Aliyah,1511,F
Aliza,426,F
Allan,277,M
Allen,633,M
Allie,706,F
Allison,3132,F
Allyson,449,F
Alma,515,F
Alondra,580,F
Alonso,294,M
Alonzo,625,M
Alora,479,F
Alvaro,266,M
Alvin,369,M
Alyssa,1460,F
Amaia,520,F
Amalia,510,F
Amanda,681,F
Amani,432,F
Amara,1902,F
Amari,921,F
Amari,1719,M
Amaris,295,F
Amaya,1916,F
Amayah,274,F
Amber,584,F
Ambrose,278,M
Ameer,273,M
Amelia,12704,F
Amelie,332,F
Amias,358,M
Amina,930,F
Amir,3154,M
Amira,1116,F
Amirah,546,F
Amiyah,989,F
Amora,846,F
Amos,356,M
Amoura,325,F
Amy,1326,F
Ana,1221,F
Anahi,460,F
Anais,284,F
Anakin,354,M
Analia,419,F
Anastasia,1750,F
Anaya,800,F
Ander,424,M
Anders,273,M
Anderson,1070,M
Andi,332,F
Andre,1178,M
Andrea,1804,F
Andres,1688,M
Andrew,5991,M
Andy,748,M
Angel,690,F
Angel,4482,M
Angela,1182,F
Angelica,506,F
Angelina,1089,F
Angelo,1044,M
Angie,441,F
Anika,358,F
Aniya,306,F
Aniyah,1015,F
Anna,3479,F
Annabella,315,F
Annabelle,1301,F
Annalise,690,F
Anne,461,F
Annie,1092,F
Annika,324,F
Ansley,265,F
Anthony,6966,M
Antonella,524,F
Antonio,2114,M
Anya,434,F
Apollo,659,M
April,577,F
Arabella,1417,F
Araceli,254,F
Archer,2329,M
Archie,630,M
Ares,457,M
Ari,622,F
Ari,782,M
Aria,6093,F
Ariah,771,F
Arian,262,M
Ariana,3136,F
Arianna,2193,F
Ariel,1454,F
Ariel,490,M
Ariella,1792,F
Arielle,883,F
Aries,251,M
Ariya,501,F
Ariyah,804,F
Arjun,498,M
Arlo,1685,M
Armando,573,M
Armani,615,F
Armani,853,M
Aron,324,M
Artemis,263,F
Arthur,2319,M
Arturo,469,M
Arya,2356,F
Aryan,270,M
Asa,559,M
Asher,7606,M
Ashley,1784,F
Ashlyn,479,F
Ashlynn,427,F
Ashton,2690,M
Aspen,1294,F
Aspyn,287,F
Astrid,675,F
Athena,2482,F
Atlas,2028,M
Atreus,325,M
Atticus,1104,M
Aubree,1770,F
Aubrey,3886,F
Aubrie,360,F
Aubriella,319,F
Aubrielle,340,F
Audrey,3735,F
August,312,F
August,2403,M
Augustine,349,M
Augustus,574,M
Aurelia,565,F
Aurora,5184,F
Austin,3979,M
Autumn,3106,F
Ava,13084,F
Avah,435,F
Avalynn,355,F
Avayah,274,F
Averi,349,F
Averie,715,F
Avery,6698,F
Avery,1773,M
Avi,243,M
Aviana,584,F
Avianna,797,F
Axel,4628,M
Axl,313,M
Axton,444,M
Aya,341,F
Ayaan,643,M
Ayan,245,M
Ayden,2989,M
Aydin,258,M
Ayla,2006,F
Ayleen,261,F
Aylin,795,F
Azalea,627,F
Azariah,315,F
Azariah,367,M
Aziel,585,M
Azrael,237,M
Bailee,318,F
Bailey,1653,F
Baker,539,M
Banks,320,M
Barbara,289,F
Barrett,1998,M
Baylee,348,F
Baylor,639,M
Bear,248,M
Beatrice,535,F
Beau,3319,M
Beckett,1797,M
Beckham,1405,M
Belen,300,F
Bella,3590,F
Bellamy,337,F
Bellamy,335,M
Belle,252,F
Ben,307,M
Benicio,302,M
Benjamin,12136,M
Bennett,3582,M
Benson,511,M
Bentlee,252,M
Bentley,2555,M
Berkley,330,F
Bethany,478,F
Bexley,319,F
Bianca,719,F
Bishop,215,M
Bjorn,296,M
Blaine,251,M
Blair,922,F
Blaire,423,F
Blaise,232,M
Blake,1316,F
Blake,1797,M
Blakely,1698,F
Blaze,264,M
Bo,519,M
Bobby,266,M
Bode,276,M
Boden,276,M
Bodhi,1139,M
Bodie,443,M
Bonnie,476,F
Boone,476,M
Boston,456,M
Bowen,772,M
Braden,281,M
Bradley,1225,M
Brady,1078,M
Braelyn,410,F
Braelynn,686,F
Brandon,2287,M
Branson,254,M
Brantley,1566,M
Braxton,2747,M
Brayan,264,M
Brayden,3253,M
Braylee,290,F
Braylen,578,M
Braylon,521,M
Brecken,291,M
Brendan,342,M
Brennan,312,M
Brett,241,M
Bria,341,F
Brian,1249,M
Briana,470,F
Brianna,1859,F
Briar,517,F
Briar,317,M
Bridger,238,M
Bridget,361,F
Briella,1072,F
Brielle,2697,F
Briggs,674,M
Brinley,848,F
Bristol,618,F
Brittany,264,F
Brixton,439,M
Brock,371,M
Brodie,257,M
Brody,2125,M
Bronson,266,M
Brooke,1252,F
Brooklyn,3989,F
Brooklynn,1156,F
Brooks,3852,M
Bruce,579,M
Bruno,350,M
Bryan,1352,M
Bryant,395,M
Bryce,1550,M
Brycen,448,M
Brylee,346,F
Brynlee,1490,F
Brynleigh,299,F
Brynn,926,F
Bryson,3190,M
Byron,292,M
Cade,816,M
Caden,1474,M
Cadence,415,F
Caiden,797,M
Cain,252,M
Cairo,912,M
Cal,234,M
Caleb,5546,M
Cali,1081,F
Callahan,287,M
Callan,678,M
Callen,524,M
Callie,1712,F
Calliope,404,F
Callum,957,M
Calum,239,M
Calvin,2519,M
Camden,2287,M
Cameron,619,F
Cameron,5019,M
Camila,8096,F
Camilla,1162,F
Camille,1154,F
Camilo,255,M
Camryn,762,F
Canaan,228,M
Cannon,516,M
Capri,411,F
Cara,285,F
Carl,281,M
Carlos,2446,M
Carly,469,F
Carmelo,340,M
Carmen,700,F
Carolina,676,F
Caroline,3345,F
Carolyn,265,F
Carson,4165,M
Carter,583,F
Carter,7511,M
Case,482,M
Casen,329,M
Casey,541,M
Cash,1274,M
Cason,393,M
Caspian,312,M
Cassandra,439,F
Cassidy,762,F
Cassius,596,M
Castiel,250,M
Cataleya,798,F
Catalina,1584,F
Catherine,1144,F
Cayden,1272,M
Cayson,349,M
Cecelia,503,F
Cecilia,1846,F
Cedric,221,M
Celeste,865,F
Celia,343,F
Celine,668,F
Cesar,830,M
Chaim,360,M
Chana,336,F
Chance,1166,M
Chandler,258,F
Chandler,486,M
Chanel,386,F
Charlee,1128,F
Charleigh,637,F
Charles,6186,M
Charley,558,F
Charli,735,F
Charlie,2219,F
Charlie,1853,M
Charlotte,13003,F
Chase,2960,M
Chaya,416,F
Chelsea,444,F
Cheyenne,500,F
Chloe,6093,F
Chris,378,M
Christian,5043,M
Christina,466,F
Christopher,6143,M
Cillian,223,M
Claire,3822,F
Clara,2664,F
Clare,328,F
Clarissa,285,F
Clark,783,M
Clay,414,M
Clayton,1163,M
Clementine,472,F
Cleo,299,F
Clyde,345,M
Cody,1122,M
Coen,232,M
Cohen,1178,M
Colby,436,M
Cole,2751,M
Colette,565,F
Colin,1173,M
Collin,633,M
Collins,842,F
Colson,896,M
Colt,1674,M
Colten,316,M
Colter,219,M
Colton,4980,M
Conner,669,M
Connor,4389,M
Conor,741,M
Conrad,512,M
Cooper,4566,M
Cora,3007,F
Coraline,446,F
Corbin,912,M
Corey,537,M
Corinne,265,F
Cory,243,M
Creed,288,M
Crew,1178,M
Cristian,984,M
Crosby,286,M
Cruz,1090,M
Crystal,309,F
Cullen,368,M
Curtis,357,M
Cynthia,307,F
Cyrus,838,M
Dahlia,867,F
Daisy,1877,F
Dakari,390,M
Dakota,1158,F
Dakota,905,M
Dalary,269,F
Daleyza,816,F
Dallas,457,F
Dallas,1249,M
Dalton,629,M
Damari,253,M
Damian,3305,M
Damien,1201,M
Damir,229,M
Damon,686,M
Dane,270,M
Dangelo,229,M
Dani,334,F
Daniel,9419,M
Daniela,1275,F
Daniella,751,F
Danielle,678,F
Danna,620,F
Danny,487,M
Dante,1098,M
Daphne,744,F
Darian,272,M
Dariel,445,M
Dario,278,M
Darius,462,M
Darren,338,M
Darwin,247,M
Dash,286,M
Davian,215,M
David,8153,M
Davina,458,F
Davion,231,M
Davis,507,M
Dawson,1907,M
Dax,623,M
Daxton,1161,M
Dayana,473,F
Dayton,218,M
Deacon,550,M
Dean,2149,M
Deandre,311,M
Deborah,286,F
Declan,3576,M
Delaney,1012,F
Delilah,3384,F
Della,281,F
Demetrius,263,M
Demi,910,F
Denise,306,F
Denisse,315,F
Dennis,411,M
Denver,293,F
Denver,536,M
Derek,1051,M
Derrick,508,M
Desmond,847,M
Destiny,871,F
Devin,789,M
Devon,381,M
Dexter,496,M
Diana,1222,F
Diego,2885,M
Dilan,266,M
Dillon,388,M
Dion,228,M
Dior,605,F
Dior,258,M
Dominic,3982,M
Dominick,663,M
Dominik,232,M
Donald,444,M
Donovan,820,M
Dorian,554,M
Dorothy,559,F
Douglas,331,M
Drake,523,M
Dream,762,F
Drew,269,F
Drew,533,M
Duke,416,M
Dulce,369,F
Duncan,216,M
Dustin,397,M
Dylan,610,F
Dylan,6788,M
Easton,4613,M
Eddie,334,M
Eden,2016,F
Eden,592,M
Edgar,776,M
Edison,452,M
Edith,643,F
Eduardo,991,M
Edward,1932,M
Edwin,918,M
Egypt,274,F
Eileen,398,F
Eithan,256,M
Elaina,1198,F
Elaine,579,F
Eleanor,6335,F
Elena,3904,F
Eli,5214,M
Elian,865,M
Eliana,4038,F
Elianna,786,F
Elias,5924,M
Eliel,320,M
Eliezer,212,M
Elijah,13034,M
Elina,259,F
Elisa,587,F
Elisabeth,256,F
Elise,1354,F
Eliseo,292,M
Elisha,269,M
Eliza,2335,F
Elizabeth,7216,F
Ella,7303,F
Elle,827,F
Ellen,333,F
Elliana,2000,F
Ellianna,413,F
Ellie,5562,F
Elliot,506,F
Elliot,2303,M
Elliott,630,F
Elliott,2350,M
Ellis,463,F
Ellis,1004,M
Ellison,287,F
Elodie,398,F
Eloise,1950,F
Elora,452,F
Elsa,280,F
Elsie,1259,F
Elyse,384,F
Emani,258,F
Emanuel,719,M
Ember,1517,F
Emberly,532,F
Emelia,678,F
Emely,574,F
Emerald,264,F
Emerie,481,F
Emerson,1774,F
Emerson,1268,M
Emersyn,1715,F
Emery,2959,F
Emery,327,M
Emilia,4750,F
Emiliano,2186,M
Emilio,1609,M
Emily,6856,F
Emir,408,M
Emma,15581,F
Emmaline,262,F
Emmalyn,388,F
Emmalynn,256,F
Emmanuel,2442,M
Emmeline,306,F
Emmett,3380,M
Emmie,471,F
Emmitt,556,M
Emmy,583,F
Emory,686,F
Emory,280,M
Enoch,290,M
Enrique,574,M
Ensley,490,F
Enzo,2201,M
Ephraim,209,M
Eric,1907,M
Erick,1113,M
Erik,703,M
Erin,578,F
Ermias,409,M
Ernesto,292,M
Esme,775,F
Esmeralda,779,F
Esperanza,266,F
Esteban,629,M
Estella,370,F
Estelle,336,F
Esther,1787,F
Estrella,365,F
Ethan,9464,M
Etta,275,F
Eugene,267,M
Eva,2826,F
Evan,3389,M
Evangeline,1156,F
Eve,644,F
Evelyn,9445,F
Evelynn,937,F
Everest,214,M
Everett,3979,M
Everlee,824,F
Everleigh,2799,F
Everly,4590,F
Evie,982,F
Ezekiel,5013,M
Ezequiel,851,M
Ezra,383,F
Ezra,6745,M
Fabian,703,M
Faith,1964,F
Fallon,311,F
Fatima,902,F
Faye,409,F
Felicity,796,F
Felipe,259,M
Felix,1652,M
Fernanda,509,F
Fernando,931,M
Finley,1429,F
Finley,1080,M
Finn,2133,M
Finnegan,716,M
Finnley,443,M
Fiona,1076,F
Fisher,243,M
Fletcher,400,M
Flora,274,F
Florence,354,F
Flynn,394,M
Ford,642,M
Forest,283,M
Forrest,627,M
Foster,223,M
Fox,241,M
Frances,736,F
Francesca,671,F
Francis,612,M
Francisco,1137,M
Franco,233,M
Frank,692,M
Frankie,487,F
Frankie,216,M
Franklin,709,M
Frederick,603,M
Freya,1581,F
Freyja,264,F
Frida,295,F
Gabriel,7066,M
Gabriela,957,F
Gabriella,3197,F
Gabrielle,857,F
Gael,3235,M
Gage,619,M
Galilea,394,F
Garrett,842,M
Gary,286,M
Gatlin,298,M
Gavin,2570,M
Gemma,1376,F
Genesis,3654,F
Genesis,275,M
Genevieve,1685,F
George,2746,M
Georgia,1594,F
Gerald,225,M
Gerardo,508,M
Gia,933,F
Giana,307,F
Gianna,7826,F
Gianni,889,M
Giavanna,272,F
Gideon,1009,M
Giovanna,367,F
Giovanni,3026,M
Giselle,930,F
Giuliana,399,F
Gloria,502,F
Gordon,224,M
Grace,5569,F
Gracelyn,958,F
Gracelynn,1011,F
Gracie,1368,F
Grady,767,M
Graham,2083,M
Grant,1755,M
Graysen,248,M
Grayson,7424,M
Gregory,678,M
Greta,365,F
Grey,302,M
Greyson,4331,M
Griffin,1481,M
Guadalupe,268,F
Guillermo,270,M
Gunnar,536,M
Gunner,1058,M
Gustavo,425,M
Gwen,330,F
Gwendolyn,811,F
Hadassah,419,F
Hadlee,312,F
Hadleigh,259,F
Hadley,2414,F
Hailey,3129,F
Haisley,821,F
Hakeem,226,M
Haley,581,F
Halle,312,F
Hallie,820,F
Halo,271,F
Hamza,396,M
Hana,357,F
Hank,612,M
Hanna,566,F
Hannah,4910,F
Harlan,366,M
Harlee,359,F
Harleigh,254,F
Harlem,242,M
Harley,1089,F
Harley,295,M
Harlow,952,F
Harmoni,391,F
Harmony,1611,F
Harold,236,M
Harper,8778,F
Harris,213,M
Harrison,3202,M
Harry,340,M
Harvey,710,M
Hassan,281,M
Hattie,717,F
Haven,1018,F
Hayden,1078,F
Hayden,2146,M
Hayes,1441,M
Haylee,344,F
Hayley,419,F
Hazel,5457,F
Heath,214,M
Heaven,720,F
Hector,848,M
Heidi,801,F
Helen,718,F
Helena,590,F
Hendrix,1177,M
Henley,496,F
Henrik,250,M
Henry,10705,M
Hezekiah,472,M
Holden,1629,M
Holland,389,F
Holly,629,F
Hope,1407,F
Houston,332,M
Hudson,6807,M
Hugh,323,M
Hugo,699,M
Hunter,325,F
Hunter,4743,M
Huxley,518,M
Ian,4223,M
Ibrahim,672,M
Idris,275,M
Iker,798,M
Ila,309,F
Iliana,295,F
Imani,574,F
Indie,369,F
Ira,285,M
Irene,462,F
Iris,2159,F
Isaac,7060,M
Isabel,1756,F
Isabela,325,F
Isabella,12066,F
Isabelle,2226,F
Isaiah,6001,M
Isaias,625,M
Ishaan,267,M
Isla,4538,F
Ismael,903,M
Israel,1509,M
Issac,422,M
Itzayana,358,F
Itzel,516,F
Ivan,2419,M
Ivanna,483,F
Ivory,481,F
Ivy,3794,F
Iyla,285,F
Izabella,904,F
Izaiah,595,M
Jabari,228,M
Jace,3745,M
Jack,8876,M
Jackson,9051,M
Jacob,9196,M
Jacoby,243,M
Jacqueline,690,F
Jad,218,M
Jada,546,F
Jade,2717,F
Jaden,1152,M
Jadiel,264,M
Jaelynn,258,F
Jagger,342,M
Jaiden,768,M
Jaime,494,M
Jair,248,M
Jakari,254,M
Jake,1027,M
Jakob,253,M
Jakobe,269,M
Jalen,512,M
Jaliyah,564,F
Jamal,242,M
Jamari,469,M
James,12250,M
Jameson,4370,M
Jamie,390,F
Jamie,346,M
Jamir,393,M
Jamison,615,M
Jane,1154,F
Janelle,422,F
Janiyah,384,F
Jared,839,M
Jase,624,M
Jasiah,524,M
Jasmine,1915,F
Jason,3073,M
Jasper,2604,M
Javier,1394,M
Jax,1413,M
Jaxen,214,M
Jaxon,6107,M
Jaxson,4133,M
Jaxton,818,M
Jaxtyn,469,M
Jaxx,253,M
Jaxxon,287,M
Jay,792,M
Jayce,2442,M
Jaycee,260,F
Jayceon,761,M
Jayda,455,F
Jayden,7102,M
Jayla,1061,F
Jaylah,370,F
Jaylee,276,F
Jayleen,540,F
Jaylen,1028,M
Jaylin,310,F
Jayson,535,M
Jaziel,474,M
Jazlyn,543,F
Jazmin,451,F
Jazmine,346,F
Jedidiah,337,M
Jefferson,352,M
Jeffery,212,M
Jeffrey,788,M
Jemma,497,F
Jenesis,276,F
Jenna,542,F
Jennifer,699,F
Jensen,1092,M
Jeremiah,4518,M
Jeremias,231,M
Jeremy,1591,M
Jericho,213,M
Jerome,209,M
Jerry,449,M
Jesse,1859,M
Jessica,775,F
Jessie,385,F
Jesus,2272,M
Jett,1199,M
Jianna,317,F
Jillian,263,F
Jimena,589,F
Jimmy,336,M
Joanna,1162,F
Joaquin,1072,M
Jocelyn,1138,F
Joe,333,M
Joel,1826,M
Joelle,350,F
Joey,250,M
Johan,455,M
Johanna,446,F
John,8180,M
Johnathan,705,M
Johnny,784,M
Jolene,643,F
Jolie,384,F
Jon,283,M
Jonah,2791,M
Jonas,601,M
Jonathan,4690,M
Jones,230,M
Jordan,697,F
Jordan,4231,M
Jordyn,1481,F
Jorge,1224,M
Jose,3809,M
Joseph,8349,M
Josephine,3027,F
Joshua,5924,M
Josiah,6077,M
Josie,1987,F
Josue,1219,M
Journee,1413,F
Journey,1068,F
Journi,394,F
Jovanni,224,M
Jovie,277,F
Joy,778,F
Joyce,257,F
Joziah,327,M
Juan,2496,M
Judah,2074,M
Jude,2412,M
Judith,287,F
Judson,254,M
Juelz,276,M
Julia,2485,F
Julian,7488,M
Juliana,1515,F
Julianna,1136,F
Julie,471,F
Julien,469,M
Juliet,1031,F
Julieta,471,F
Juliette,1575,F
Julio,515,M
Julissa,344,F
Julius,960,M
June,1568,F
Junior,321,M
Juniper,1645,F
Justice,505,F
Justice,389,M
Justin,2277,M
Kabir,262,M
Kace,291,M
Kade,855,M
Kaden,1374,M
Kadence,252,F
Kai,338,F
Kai,3812,M
Kaia,1060,F
Kaiden,2594,M
Kailani,1118,F
Kailey,322,F
Kairi,327,F
Kairo,1185,M
Kaiser,258,M
Kaisley,357,F
Kaison,645,M
Kaitlyn,622,F
Kaiya,258,F
Kalani,777,F
Kaleb,1591,M
Kalel,212,M
Kali,1175,F
Kaliyah,517,F
Kallie,349,F
Kamari,268,F
Kamari,786,M
Kamden,619,M
Kamdyn,224,M
Kameron,1106,M
Kamila,1339,F
Kamilah,326,F
Kamiyah,409,F
Kamryn,668,F
Kamryn,264,M
Kane,954,M
Kannon,523,M
Kara,422,F
Kareem,416,M
Karen,325,F
Karina,472,F
Karla,418,F
Karson,1276,M
Karsyn,472,F
Karsyn,361,M
Karter,296,F
Karter,2322,M
Kase,272,M
Kasen,622,M
Kash,1365,M
Kashton,668,M
Kason,844,M
Kassidy,437,F
Kataleya,350,F
Katalina,525,F
Kate,759,F
Katelyn,413,F
Katherine,1968,F
Kathryn,558,F
Katie,626,F
Kayden,3613,M
Kaydence,402,F
Kayla,1326,F
Kaylani,905,F
Kaylee,2318,F
Kayleigh,694,F
Kaylie,284,F
Kaysen,496,M
Kayson,1151,M
Keanu,554,M
Keaton,364,M
Keegan,589,M
Keenan,213,M
Kehlani,1694,F
Keilani,354,F
Keily,316,F
Keira,661,F
Keith,456,M
Kellan,366,M
Kellen,291,M
Kelly,361,F
Kelsey,566,F
Kelvin,239,M
Kendall,1009,F
Kendra,534,F
Kendrick,686,M
Kenia,277,F
Kenji,245,M
Kenna,408,F
Kennedi,574,F
Kennedy,3342,F
Kenneth,1466,M
Kensley,675,F
Kenzie,834,F
Kenzo,516,M
Kevin,2359,M
Keyla,323,F
Khalani,289,F
Khaleesi,370,F
Khalid,249,M
Khalil,1217,M
Khari,377,M
Khloe,1729,F
Kiaan,289,M
Kian,653,M
Kiana,290,F
Kiara,1025,F
Kieran,549,M
Killian,896,M
Kimber,413,F
Kimberly,1548,F
Kimora,263,F
King,2237,M
Kingsley,423,M
Kingston,3135,M
Kinley,703,F
Kinslee,378,F
Kinsley,3744,F
Kira,798,F
Knox,1516,M
Koa,469,M
Kobe,1500,M
Koda,464,M
Kody,227,M
Kohen,414,M
Kole,266,M
Kolton,666,M
Kora,616,F
Korbin,350,M
Korbyn,213,M
Kori,345,F
Krew,353,M
Kristian,279,M
Kristopher,276,M
Kye,284,M
Kyla,619,F
Kylan,537,M
Kyle,1045,M
Kylee,560,F
Kyleigh,324,F
Kylen,248,M
Kyler,1454,M
Kylian,211,M
Kylie,2006,F
Kylo,657,M
Kyng,251,M
Kynlee,332,F
Kyra,414,F
Kyree,457,M
Kyrie,1663,M
Kyro,266,M
Kyson,636,M
Lacey,385,F
Lachlan,357,M
Laila,1294,F
Lainey,844,F
Lana,790,F
Lance,315,M
Landen,465,M
Landon,4747,M
Landry,302,F
Landry,228,M
Landyn,431,M
Lane,1360,M
Laney,434,F
Langston,361,M
Lara,394,F
Larry,267,M
Laura,860,F
Laurel,413,F
Lauren,1269,F
Lauryn,387,F
Lawrence,492,M
Lawson,863,M
Layla,6174,F
Laylah,343,F
Laylani,253,F
Layne,278,F
Layne,388,M
Layton,435,M
Lea,360,F
Leah,4482,F
Leandro,415,M
Leanna,293,F
Ledger,425,M
Lee,308,M
Legacy,604,F
Legacy,309,M
Legend,2814,M
Leia,1078,F
Leif,241,M
Leighton,774,F
Leighton,326,M
Leila,1399,F
Leilani,2860,F
Leilany,337,F
Leland,625,M
Lena,1135,F
Lennon,1067,F
Lennon,366,M
Lennox,491,F
Lennox,1159,M
Leo,7159,M
Leon,1908,M
Leona,628,F
Leonard,417,M
Leonardo,4077,M
Leonel,922,M
Leonidas,644,M
Leroy,237,M
Leslie,481,F
Levi,9005,M
Lewis,579,M
Lexi,840,F
Lexie,285,F
Leyla,493,F
Lia,1091,F
Liam,19659,M
Lian,289,M
Liana,664,F
Liberty,436,F
Lila,1290,F
Lilah,1249,F
Lilian,436,F
Liliana,2457,F
Lilianna,320,F
Lilith,995,F
Lillian,4468,F
Lilliana,890,F
Lillie,382,F
Lilly,1271,F
Lily,5195,F
Lilyana,301,F
Lina,413,F
Lincoln,6998,M
Linda,327,F
Lionel,394,M
Liv,426,F
Livia,331,F
Lochlan,336,M
Logan,992,F
Logan,9086,M
Lola,1248,F
London,1477,F
London,257,M
Londyn,1728,F
Lorelai,568,F
Lorelei,594,F
Lorenzo,2442,M
Loretta,266,F
Louie,307,M
Louis,1323,M
Louisa,382,F
Louise,408,F
Luca,4785,M
Lucas,11281,M
Lucca,643,M
Lucia,1724,F
Lucian,416,M
Luciana,762,F
Luciano,712,M
Lucille,1130,F
Lucy,4339,F
Luella,256,F
Luis,2679,M
Luisa,255,F
Luka,2319,M
Lukas,1701,M
Luke,7734,M
Luna,7770,F
Lyanna,351,F
Lydia,2767,F
Lyla,2293,F
Lylah,487,F
Lyra,534,F
Lyric,756,F
Lyric,225,M
Mabel,712,F
Mac,235,M
Maci,673,F
Macie,560,F
Mack,576,M
Mackenzie,2283,F
Macy,469,F
Madalyn,331,F
Madalynn,254,F
Madden,282,M
Maddison,639,F
Maddox,2270,M
Madeleine,781,F
Madeline,2771,F
Madelyn,3520,F
Madelynn,630,F
Madilyn,943,F
Madilynn,592,F
Madison,6196,F
Madisyn,379,F
Mae,504,F
Maeve,1637,F
Magdalena,253,F
Maggie,1079,F
Magnolia,1592,F
Magnus,285,M
Maia,609,F
Maisie,760,F
Maison,241,M
Major,894,M
Makai,512,M
Makayla,942,F
Makenna,771,F
Makenzie,895,F
Malachi,2354,M
Malakai,1165,M
Malani,611,F
Malaya,426,F
Malayah,266,F
Malaysia,465,F
Malcolm,1160,M
Maleah,307,F
Malia,1162,F
Malik,821,M
Maliyah,663,F
Mallory,515,F
Manuel,1013,M
Mara,460,F
Marcel,366,M
Marceline,259,F
Marcellus,326,M
Marcelo,416,M
Marco,782,M
Marcos,616,M
Marcus,1632,M
Maren,695,F
Margaret,2178,F
Margo,355,F
Margot,1257,F
Maria,2460,F
Mariah,1054,F
Mariam,455,F
Mariana,1125,F
Marianna,325,F
Marie,468,F
Marilyn,452,F
Marina,394,F
Mario,990,M
Marisol,259,F
Mark,1540,M
Marlee,705,F
Marleigh,383,F
Marley,1356,F
Marley,232,M
Marlon,214,M
Marlowe,278,F
Marshall,849,M
Martha,348,F
Martin,1158,M
Marvin,448,M
Mary,2188,F
Maryam,598,F
Mason,10029,M
Mateo,8900,M
Mathew,347,M
Mathias,685,M
Matias,1740,M
Matilda,631,F
Matteo,2200,M
Matthew,8052,M
Matthias,676,M
Maurice,263,M
Mauricio,421,M
Maverick,6088,M
Mavis,321,F
Max,2463,M
Maximilian,592,M
Maximiliano,1281,M
Maximo,318,M
Maximus,1394,M
Maxine,369,F
Maxton,214,M
Maxwell,2496,M
Maya,3696,F
Mazikeen,253,F
Mccoy,238,M
Mckenna,1130,F
Mckenzie,1123,F
Mckinley,532,F
Meadow,638,F
Megan,451,F
Meghan,303,F
Meilani,299,F
Mekhi,298,M
Melani,254,F
Melanie,2501,F
Melany,446,F
Melina,442,F
Melissa,881,F
Melody,2498,F
Melvin,319,M
Memphis,643,M
Mercy,331,F
Meredith,496,F
Messiah,2010,M
Mia,11157,F
Micah,3363,M
Michael,9717,M
Michaela,443,F
Michelle,916,F
Miguel,2032,M
Mikaela,357,F
Mikayla,548,F
Mila,6602,F
Milan,449,F
Milan,683,M
Milana,400,F
Milani,1093,F
Milena,329,F
Miles,5249,M
Miley,366,F
Miller,361,M
Millie,1494,F
Milo,2741,M
Mina,431,F
Mira,624,F
Miracle,793,F
Miranda,549,F
Miriam,1121,F
Misael,283,M
Mitchell,339,M
Mohamed,504,M
Mohammad,394,M
Mohammed,417,M
Moises,562,M
Molly,1635,F
Monica,395,F
Monroe,554,F
Mordechai,235,M
Morgan,1483,F
Morgan,363,M
Moses,580,M
Moshe,519,M
Muhammad,1056,M
Murphy,260,F
Murphy,222,M
Musa,323,M
Mya,1234,F
Myla,1125,F
Mylah,362,F
Myles,2925,M
Mylo,286,M
Myra,532,F
Nadia,649,F
Nala,402,F
Nalani,486,F
Nancy,294,F
Naomi,4066,F
Nash,1490,M
Nasir,857,M
Natalia,3059,F
Natalie,4258,F
Nataly,270,F
Natasha,266,F
Nathalia,258,F
Nathalie,284,F
Nathan,5653,M
Nathanael,340,M
Nathaniel,2874,M
Navy,433,F
Naya,356,F
Nayeli,721,F
Nehemiah,806,M
Neil,321,M
Nellie,324,F
Nelson,382,M
Nevaeh,3076,F
Nia,615,F
Nicholas,4024,M
Nico,1029,M
Nicolas,1875,M
Nicole,1149,F
Niklaus,252,M
Niko,863,M
Nikolai,515,M
Nikolas,449,M
Nina,933,F
Nixon,407,M
Noa,655,F
Noah,305,F
Noah,18252,M
Noe,375,M
Noel,709,M
Noelle,1359,F
Noemi,345,F
Nola,533,F
Nolan,5164,M
Noor,301,F
Nora,5550,F
Norah,1797,F
Nova,4940,F
Nova,315,M
Novah,513,F
Novalee,331,F
Nyla,1202,F
Nylah,770,F
Nyomi,260,F
Oaklee,467,F
Oakleigh,311,F
Oakley,1120,F
Oakley,703,M
Oaklyn,516,F
Oaklynn,1028,F
Ocean,287,M
Octavia,917,F
Odin,981,M
Olive,1474,F
Oliver,14147,M
Olivia,17535,F
Omar,1378,M
Omari,578,M
Onyx,442,M
Opal,433,F
Ophelia,790,F
Orion,1001,M
Orlando,298,M
Oscar,1746,M
Osiris,243,M
Otis,409,M
Otto,787,M
Owen,8623,M
Pablo,790,M
Paige,1130,F
Paislee,807,F
Paisleigh,310,F
Paisley,4333,F
Paityn,257,F
Palmer,883,F
Paloma,271,F
Paola,265,F
Paris,733,F
Parker,2131,F
Parker,3797,M
Patrick,1849,M
Paul,1385,M
Paula,329,F
Paulina,327,F
Paxton,1286,M
Payton,1322,F
Pearl,348,F
Pedro,714,M
Penelope,6099,F
Penny,379,F
Persephone,330,F
Peter,1747,M
Peyton,2703,F
Peyton,681,M
Philip,655,M
Phillip,546,M
Phoebe,1163,F
Phoenix,1103,F
Phoenix,1504,M
Pierce,569,M
Piper,2881,F
Poppy,664,F
Porter,701,M
Presley,1348,F
Preston,1638,M
Prince,1020,M
Princess,337,F
Princeton,708,M
Priscilla,518,F
Promise,314,F
Queen,261,F
Quentin,517,M
Quincy,449,M
Quinn,3058,F
Quinn,669,M
Quinton,370,M
Rachel,1285,F
Raegan,1169,F
Raelyn,830,F
Raelynn,2585,F
Rafael,1409,M
Raiden,739,M
Raina,332,F
Ramon,313,M
Ramona,331,F
Randy,260,M
Raphael,552,M
Raquel,274,F
Raul,500,M
Raven,735,F
Ray,338,M
Raya,272,F
Rayan,440,M
Rayden,334,M
Raylan,440,M
Raymond,1048,M
Rayna,396,F
Rayne,347,F
Reagan,2355,F
Rebecca,1192,F
Rebekah,343,F
Reece,469,M
Reed,656,M
Reese,1867,F
Reese,334,M
Regina,703,F
Reginald,214,M
Reid,1042,M
Reign,862,F
Reign,415,M
Reina,488,F
Remi,2185,F
Remi,312,M
Remington,850,F
Remington,1608,M
Remy,610,F
Remy,865,M
Renata,587,F
Rene,217,M
Reuben,241,M
Rex,371,M
Rey,252,M
Reyna,486,F
Rhea,459,F
Rhett,2338,M
Rhys,702,M
Ricardo,953,M
Richard,1814,M
Ricky,363,M
Ridge,425,M
Riggs,231,M
Riley,5309,F
Riley,1350,M
Rio,294,M
River,1540,F
River,2771,M
Rivka,333,F
Robert,4349,M
Roberto,670,M
Robin,287,F
Robin,259,M
Rocco,592,M
Rocky,261,M
Rodney,260,M
Rodrigo,478,M
Rogelio,210,M
Roger,372,M
Rohan,288,M
Roland,487,M
Roman,4445,M
Rome,221,M
Romeo,810,M
Romina,428,F
Ronald,501,M
Ronan,1255,M
Ronin,786,M
Rory,670,F
Rory,989,M
Rosa,450,F
Rosalee,342,F
Rosalia,365,F
Rosalie,1461,F
Rosalyn,320,F
Rose,2356,F
Roselyn,383,F
Rosemary,685,F
Rosie,646,F
Rowan,1166,F
Rowan,3231,M
Rowen,517,M
Roy,480,M
Royal,350,F
Royal,734,M
Royalty,782,F
Royce,727,M
Ruben,632,M
Ruby,3308,F
Rudy,261,M
Russell,837,M
Ruth,1315,F
Ryan,678,F
Ryan,5286,M
Ryann,346,F
Ryder,3322,M
Ryker,2457,M
Rylan,307,F
Rylan,993,M
Ryland,546,M
Rylee,2677,F
Ryleigh,1742,F
Rylie,863,F
Sabrina,793,F
Sadie,3174,F
Sage,1301,F
Sage,667,M
Saige,484,F
Saint,476,M
Salem,474,F
Salem,285,M
Salvador,359,M
Salvatore,228,M
Sam,401,M
Samantha,2929,F
Samara,874,F
Samir,411,M
Samira,277,F
Samson,485,M
Samuel,8488,M
Santana,517,M
Santiago,4638,M
Santino,667,M
Santos,242,M
Saoirse,366,F
Sara,1565,F
Sarah,3025,F
Sarai,644,F
Sariah,320,F
Sariyah,325,F
Sasha,476,F
Saul,476,M
Savanna,450,F
Savannah,3515,F
Sawyer,1252,F
Sawyer,3156,M
Saylor,1063,F
Scarlet,682,F
Scarlett,6455,F
Scarlette,324,F
Scott,494,M
Scout,306,F
Sean,956,M
Sebastian,8927,M
Selah,710,F
Selena,1236,F
Selene,335,F
Serena,721,F
Serenity,3366,F
Sergio,801,M
Seth,678,M
Seven,238,M
Sevyn,355,F
Shane,559,M
Shawn,648,M
Shay,275,F
Shelby,599,F
Shepard,238,M
Shepherd,449,M
Shiloh,675,F
Shiloh,436,M
Siena,453,F
Sienna,1708,F
Sierra,553,F
Silas,3599,M
Simon,1390,M
Simone,306,F
Sincere,452,M
Sky,335,F
Skye,654,F
Skyla,454,F
Skylar,3608,F
Skyler,656,F
Skyler,489,M
Sloan,431,F
Sloane,1571,F
Sofia,6926,F
Solomon,726,M
Sonny,520,M
Sophia,12976,F
Sophie,3287,F
Soren,555,M
Spencer,1037,M
Stanley,334,M
Stefan,256,M
Stella,4624,F
Stephanie,696,F
Stephen,1008,M
Sterling,754,M
Stetson,601,M
Steven,1661,M
Stevie,760,F
Stormi,266,F
Sullivan,763,M
Summer,1804,F
Sunny,401,F
Sutton,954,F
Sutton,478,M
Sydney,1234,F
Sylas,462,M
Sylvia,596,F
Sylvie,347,F
Tadeo,358,M
Talia,912,F
Talon,292,M
Tanner,969,M
Tate,893,M
Tatum,897,F
Tatum,592,M
Taylor,1729,F
Taylor,456,M
Teagan,1485,F
Teresa,362,F
Terrance,223,M
Terry,237,M
Tessa,1123,F
Thaddeus,292,M
Thalia,334,F
Thatcher,268,M
Thea,1060,F
Theo,2206,M
Theodora,325,F
Theodore,8558,M
Thiago,2292,M
Thomas,6386,M
Tiana,402,F
Tiffany,340,F
Timothy,1985,M
Tinsley,386,F
Titan,379,M
Titus,927,M
Tobias,1268,M
Tomas,353,M
Tommy,323,M
Tony,420,M
Tori,320,F
Trace,314,M
Travis,951,M
Treasure,372,F
Trent,233,M
Trenton,433,M
Trevor,723,M
Trey,362,M
Trinity,1283,F
Tripp,607,M
Tristan,2092,M
Tristen,266,M
Troy,709,M
Tru,284,M
Truett,226,M
Tucker,1997,M
Turner,211,M
Ty,407,M
Tyler,2771,M
Tyson,823,M
Ulises,256,M
Uriah,417,M
Uriel,635,M
Vada,331,F
Valentin,308,M
Valentina,3331,F
Valentino,436,M
Valeria,1803,F
Valerie,1867,F
Valery,287,F
Van,258,M
Vance,217,M
Vanessa,1370,F
Veda,272,F
Vera,1207,F
Veronica,802,F
Vicente,313,M
Victor,1886,M
Victoria,5249,F
Vienna,332,F
Vihaan,347,M
Vincent,3020,M
Vincenzo,330,M
Violet,5075,F
Violeta,295,F
Violette,258,F
Virginia,501,F
Vivian,2680,F
Viviana,763,F
Vivienne,1159,F
Wade,936,M
Walker,1848,M
Wallace,242,M
Walter,1221,M
Warren,933,M
Watson,450,M
Waverly,368,F
Waylon,3549,M
Wayne,303,M
Wells,516,M
Wes,213,M
Wesley,3668,M
Wesson,267,M
Westin,304,M
Westley,321,M
Weston,3406,M
Whitley,270,F
Whitney,273,F
Wilder,681,M
Will,230,M
Willa,881,F
William,12541,M
Willie,211,M
Willow,4345,F
Wilson,398,M
Winnie,349,F
Winston,720,M
Winter,997,F
Wren,850,F
Wrenley,290,F
Wyatt,8135,M
Wynter,817,F
Xander,2039,M
Xavier,3847,M
Ximena,2018,F
Xiomara,475,F
Xzavier,218,M
Yahir,254,M
Yamileth,256,F
Yara,439,F
Yareli,320,F
Yaretzi,596,F
Yasmin,259,F
Yehuda,267,M
Yosef,351,M
Yousef,260,M
Yusuf,486,M
Zachariah,544,M
Zachary,2698,M
Zahir,252,M
Zahra,489,F
Zaid,386,M
Zaiden,553,M
Zain,482,M
Zainab,264,F
Zaire,541,M
Zakai,245,M
Zander,1180,M
Zane,1342,M
Zaniyah,372,F
Zara,1327,F
Zaria,311,F
Zariah,665,F
Zariyah,401,F
Zavier,254,M
Zayd,300,M
Zayden,2077,M
Zaylee,432,F
Zayn,1054,M
Zayne,767,M
Zechariah,239,M
Zeke,377,M
Zelda,524,F
Zendaya,259,F
Zev,240,M
Zhuri,255,F
Zion,2500,M
Zoe,4725,F
Zoey,5331,F
Zoie,263,F
Zola,273,F
Zora,304,F
Zoya,280,F
Zuri,1254,F
Zyair,222,M
Zyaire,661,M
